player_name,season_year,total_runs
SE Marsh,2008,614
G Gambhir,2008,532
ST Jayasuriya,2008,508
SR Watson,2008,463
GC Smith,2008,437
AC Gilchrist,2008,431
YK Pathan,2008,430
SK Raina,2008,420
MS Dhoni,2008,414
V Sehwag,2008,399
RG Sharma,2008,399
R Dravid,2008,370
SC Ganguly,2008,349
S Dhawan,2008,340
KC Sangakkara,2008,319
DJ Hussey,2008,318
RV Uthappa,2008,316
SA Asnodkar,2008,311
Yuvraj Singh,2008,299
PA Patel,2008,297
Y Venugopal Rao,2008,283
JA Morkel,2008,235
MV Boucher,2008,225
JR Hopes,2008,221
AM Nayar,2008,205
JH Kallis,2008,199
Salman Butt,2008,192
SP Fleming,2008,192
S Badrinath,2008,192
SR Tendulkar,2008,188
BB McCullum,2008,188
DPMD Jayawardene,2008,179
ML Hayden,2008,179
M Kaif,2008,176
DJ Bravo,2008,175
MEK Hussey,2008,168
HH Gibbs,2008,167
V Kohli,2008,165
A Symonds,2008,161
WP Saha,2008,159
LR Shukla,2008,157
VVS Laxman,2008,155
LA Pomersbach,2008,152
LRPL Taylor,2008,149
SM Pollock,2008,147
KD Karthik,2008,145
S Vidyut,2008,145
RA Jadeja,2008,134
IK Pathan,2008,130
MF Maharoof,2008,125
Kamran Akmal,2008,124
MisbahulHaq,2008,117
W Jaffer,2008,115
SB Styris,2008,112
P Kumar,2008,112
CL White,2008,109
DB Ravi Teja,2008,108
MK Tiwary,2008,104
DB Das,2008,103
NK Patel,2008,103
TM Dilshan,2008,102
AB de Villiers,2008,95
SM Katich,2008,95
PP Chawla,2008,89
SP Goswami,2008,82
Shahid Afridi,2008,81
K Goel,2008,76
RR Sarwan,2008,73
SK Warne,2008,69
YV Takawale,2008,69
Mohammad Hafeez,2008,64
AB Agarkar,2008,54
Shoaib Malik,2008,51
UT Yadav,2008,49
SB Bangar,2008,47
B Akhil,2008,46
DR Smith,2008,45
A Chopra,2008,42
LPC Silva,2008,40
DJ Thornely,2008,39
RT Ponting,2008,39
Umar Gul,2008,39
A Mishra,2008,37
Sohail Tanvir,2008,35
MS Gony,2008,35
L Ronchi,2008,34
R Bhatia,2008,34
M Rawat,2008,34
D Salunkhe,2008,33
Z Khan,2008,33
PR Shah,2008,32
T Taibu,2008,31
Harbhajan Singh,2008,30
M Kartik,2008,30
RR Powar,2008,28
RP Singh,2008,27
SS Tiwary,2008,26
WA Mota,2008,26
S Chanderpaul,2008,25
R Vinay Kumar,2008,25
MA Khote,2008,24
J Arunkumar,2008,23
B Chipli,2008,20
JDP Oram,2008,18
DS Lehmann,2008,18
B Lee,2008,17
CK Kapugedera,2008,16
Joginder Sharma,2008,16
VY Mahesh,2008,15
WPUJC Vaas,2008,15
DT Patil,2008,13
A Kumble,2008,13
SD Chitnis,2008,12
BJ Hodge,2008,12
DNT Zoysa,2008,11
I Sharma,2008,11
M Ntini,2008,11
T Kohli,2008,10
AD Mascarenhas,2008,9
AA Noffke,2008,9
RR Raje,2008,8
TM Srivastava,2008,8
SB Joshi,2008,6
Pankaj Singh,2008,5
SK Trivedi,2008,5
AM Rahane,2008,4
GD McGrath,2008,4
S Sohal,2008,4
VRV Singh,2008,4
Mohammad Asif,2008,3
MK Pandey,2008,3
D Kalyankrishna,2008,3
Younis Khan,2008,3
PJ Sangwan,2008,2
DS Kulkarni,2008,2
CRD Fernando,2008,2
A Nehra,2008,2
PP Ojha,2008,2
VS Yeligati,2008,2
H Das,2008,2
Shoaib Akhtar,2008,2
DW Steyn,2008,2
AB Dinda,2008,2
DP Vijaykumar,2008,1
PM Sarvesh Kumar,2008,1
S Anirudha,2008,1
Iqbal Abdulla,2008,1
A Mukund,2008,0
L Balaji,2008,0
M Muralitharan,2008,0
U Kaul,2008,0
S Sreesanth,2008,0
Abdur Razzak,2008,0
MM Patel,2008,0
ML Hayden,2009,571
AC Gilchrist,2009,486
AB de Villiers,2009,459
SK Raina,2009,433
TM Dilshan,2009,414
JP Duminy,2009,372
HH Gibbs,2009,371
BJ Hodge,2009,365
SR Tendulkar,2009,363
JH Kallis,2009,360
RG Sharma,2009,354
Yuvraj Singh,2009,340
MS Dhoni,2009,332
KC Sangakkara,2009,332
RA Jadeja,2009,293
KD Karthik,2009,288
G Gambhir,2009,284
BB McCullum,2009,278
LRPL Taylor,2009,274
R Dravid,2009,271
YK Pathan,2009,261
A Symonds,2009,248
V Kohli,2009,246
TL Suman,2009,237
ST Jayasuriya,2009,219
DPMD Jayawardene,2009,219
DJ Bravo,2009,217
DR Smith,2009,215
GC Smith,2009,208
IK Pathan,2009,196
V Sehwag,2009,195
AM Nayar,2009,191
CH Gayle,2009,184
SC Ganguly,2009,183
S Badrinath,2009,177
RV Uthappa,2009,175
NV Ojha,2009,168
MK Pandey,2009,167
MN van Wyk,2009,163
DA Warner,2009,163
AM Rahane,2009,143
MV Boucher,2009,143
PA Patel,2009,142
SM Katich,2009,141
RS Bopara,2009,138
Y Venugopal Rao,2009,124
K Goel,2009,124
RE van der Merwe,2009,122
S Sohal,2009,115
SK Warne,2009,108
RJ Quiney,2009,103
SA Asnodkar,2009,98
JA Morkel,2009,97
DJ Hussey,2009,93
KP Pietersen,2009,92
JDP Oram,2009,88
Harbhajan Singh,2009,84
LR Shukla,2009,83
LA Carseldine,2009,80
AS Raut,2009,78
M Manhas,2009,75
WP Saha,2009,72
AA Bilakhia,2009,67
AB Agarkar,2009,66
DB Ravi Teja,2009,65
P Kumar,2009,65
A Flintoff,2009,62
M Vijay,2009,60
JD Ryder,2009,56
PR Shah,2009,53
SP Goswami,2009,53
Yashpal Singh,2009,47
R Vinay Kumar,2009,47
J Botha,2009,46
GJ Bailey,2009,45
S Dhawan,2009,40
LA Pomersbach,2009,40
AD Mascarenhas,2009,39
MC Henriques,2009,38
DL Vettori,2009,34
MM Patel,2009,33
PP Chawla,2009,31
WPUJC Vaas,2009,30
WA Mota,2009,30
B Lee,2009,28
A Mishra,2009,26
RR Powar,2009,23
RJ Harris,2009,21
M Kartik,2009,21
MF Maharoof,2009,21
Joginder Sharma,2009,20
SB Jakati,2009,20
Y Nagar,2009,20
VVS Laxman,2009,19
R Bishnoi,2009,19
YV Takawale,2009,18
NK Patel,2009,18
B Akhil,2009,17
I Sharma,2009,16
AD Mathews,2009,16
A Kumble,2009,16
M Rawat,2009,16
W Jaffer,2009,15
GR Napier,2009,15
SB Styris,2009,14
SS Tiwary,2009,13
MS Gony,2009,13
RR Raje,2009,12
A Chopra,2009,11
T Henderson,2009,11
D du Preez,2009,10
DS Kulkarni,2009,9
SK Trivedi,2009,9
MK Tiwary,2009,9
RP Singh,2009,8
Z Khan,2009,8
R Ashwin,2009,8
M Muralitharan,2009,8
SM Harwood,2009,8
M Morkel,2009,8
R Bhatia,2009,8
AN Ghosh,2009,7
SS Shaikh,2009,6
PC Valthaty,2009,6
SD Chitnis,2009,6
PJ Sangwan,2009,6
S Sreesanth,2009,5
FH Edwards,2009,4
L Balaji,2009,4
Kamran Khan,2009,3
AB McDonald,2009,3
AB Dinda,2009,2
SB Bangar,2009,2
Mashrafe Mortaza,2009,2
Mohammad Ashraful,2009,2
T Thushara,2009,2
PP Ojha,2009,1
Shoaib Ahmed,2009,1
KV Sharma,2009,1
Pankaj Singh,2009,1
T Kohli,2009,1
A Singh,2009,1
A Nehra,2009,1
C Nanda,2009,0
SL Malinga,2009,0
KP Appanna,2009,0
L Ronchi,2009,0
DW Steyn,2009,0
TM Srivastava,2009,0
BAW Mendis,2009,0
SR Tendulkar,2010,615
JH Kallis,2010,566
SK Raina,2010,520
SC Ganguly,2010,493
M Vijay,2010,458
DPMD Jayawardene,2010,443
A Symonds,2010,429
SS Tiwary,2010,417
RG Sharma,2010,403
NV Ojha,2010,376
RV Uthappa,2010,374
KC Sangakkara,2010,357
S Badrinath,2010,355
AT Rayudu,2010,354
V Sehwag,2010,352
ML Hayden,2010,346
YK Pathan,2010,332
TL Suman,2010,307
V Kohli,2010,306
CH Gayle,2010,290
MS Dhoni,2010,287
AC Gilchrist,2010,285
MJ Lumb,2010,278
KD Karthik,2010,278
G Gambhir,2010,277
IK Pathan,2010,276
DA Warner,2010,276
KA Pollard,2010,273
HH Gibbs,2010,267
Yuvraj Singh,2010,258
R Dravid,2010,256
MK Pandey,2010,248
RS Bopara,2010,248
MK Tiwary,2010,236
KP Pietersen,2010,236
AD Mathews,2010,232
MS Bisla,2010,214
PD Collingwood,2010,203
JA Morkel,2010,198
S Dhawan,2010,187
AA Jhunjhunwala,2010,183
SR Watson,2010,181
AC Voges,2010,181
FY Fazal,2010,164
MD Mishra,2010,164
JP Duminy,2010,157
M Manhas,2010,157
SE Marsh,2010,147
CA Pujara,2010,122
OA Shah,2010,115
BB McCullum,2010,114
R Sathish,2010,112
AB de Villiers,2010,111
P Dogra,2010,107
BJ Hodge,2010,99
Harbhajan Singh,2010,97
DJ Hussey,2010,94
LRPL Taylor,2010,88
KM Jadhav,2010,76
PA Patel,2010,72
WP Saha,2010,67
R McLaren,2010,66
AB McDonald,2010,65
VVS Laxman,2010,64
Anirudh Singh,2010,63
PP Chawla,2010,62
DJ Bravo,2010,61
AM Nayar,2010,58
AS Raut,2010,56
AP Tare,2010,50
CL White,2010,48
RJ Harris,2010,45
GC Smith,2010,44
TM Dilshan,2010,44
AB Barath,2010,42
AB Agarkar,2010,39
A Mishra,2010,38
MEK Hussey,2010,37
LR Shukla,2010,36
EJG Morgan,2010,35
B Sumanth,2010,35
AP Dole,2010,34
Y Venugopal Rao,2010,34
DL Vettori,2010,33
ST Jayasuriya,2010,33
MF Maharoof,2010,31
R Ashwin,2010,30
S Anirudha,2010,30
WPUJC Vaas,2010,30
R Sharma,2010,29
M Kaif,2010,28
MR Marsh,2010,28
S Sriram,2010,27
R Vinay Kumar,2010,27
S Sreesanth,2010,27
JM Kemp,2010,26
Z Khan,2010,24
R Bhatia,2010,24
M Kartik,2010,22
A Nehra,2010,22
DR Smith,2010,22
AJ Finch,2010,21
SK Trivedi,2010,20
DR Martyn,2010,19
GJ Bailey,2010,18
K Goel,2010,18
DE Bollinger,2010,18
L Balaji,2010,18
S Narwal,2010,14
C Madan,2010,14
DW Steyn,2010,13
MV Boucher,2010,13
SW Tait,2010,12
AD Mascarenhas,2010,12
B Lee,2010,11
MC Henriques,2010,11
T Thushara,2010,10
SK Warne,2010,10
PJ Sangwan,2010,10
KAJ Roach,2010,10
Bipul Sharma,2010,9
M Morkel,2010,9
RP Singh,2010,9
SP Goswami,2010,8
STR Binny,2010,8
Jaskaran Singh,2010,8
I Sharma,2010,6
A Kumble,2010,6
VS Malik,2010,6
A Mithun,2010,5
RR Powar,2010,5
SA Asnodkar,2010,5
Mandeep Singh,2010,4
P Kumar,2010,4
MM Patel,2010,4
RS Sodhi,2010,4
A Uniyal,2010,4
DP Nannes,2010,4
AN Ahmed,2010,4
S Tyagi,2010,3
KB Arun Karthik,2010,3
UT Yadav,2010,3
PP Ojha,2010,3
RS Gavaskar,2010,2
KP Appanna,2010,2
MS Gony,2010,2
J Theron,2010,2
CRD Fernando,2010,2
AA Bilakhia,2010,2
SE Bond,2010,1
BAW Mendis,2010,1
Pankaj Singh,2010,1
RE van der Merwe,2010,1
M Muralitharan,2010,1
SJ Srivastava,2010,1
Y Nagar,2010,1
SL Malinga,2010,1
CK Langeveldt,2010,0
AB Dinda,2010,0
Iqbal Abdulla,2010,0
YA Abdulla,2010,0
AG Paunikar,2010,0
S Ladda,2010,0
Harmeet Singh,2010,0
CH Gayle,2011,598
V Kohli,2011,557
SR Tendulkar,2011,553
SE Marsh,2011,500
MEK Hussey,2011,492
PC Valthaty,2011,453
SK Raina,2011,437
M Vijay,2011,434
JH Kallis,2011,424
V Sehwag,2011,424
S Dhawan,2011,400
S Badrinath,2011,394
AT Rayudu,2011,394
MS Dhoni,2011,391
AC Gilchrist,2011,378
G Gambhir,2011,373
RG Sharma,2011,372
KC Sangakkara,2011,358
MK Tiwary,2011,354
BB McCullum,2011,351
Yuvraj Singh,2011,343
R Dravid,2011,339
Y Venugopal Rao,2011,336
SR Watson,2011,329
DA Warner,2011,324
AB de Villiers,2011,306
DPMD Jayawardene,2011,299
JD Ryder,2011,288
BJ Hodge,2011,285
YK Pathan,2011,283
KD Karthik,2011,282
RA Jadeja,2011,282
RV Uthappa,2011,263
S Sohal,2011,249
MK Pandey,2011,246
J Botha,2011,230
TM Dilshan,2011,226
B Chipli,2011,207
JP Duminy,2011,204
PA Patel,2011,202
JR Hopes,2011,196
SS Tiwary,2011,187
DT Christian,2011,183
DB Ravi Teja,2011,182
AL Menaria,2011,180
LRPL Taylor,2011,180
NV Ojha,2011,160
IK Pathan,2011,150
KA Pollard,2011,145
EJG Morgan,2011,137
MA Agarwal,2011,137
JA Morkel,2011,137
A Symonds,2011,135
AM Rahane,2011,120
AC Blizzard,2011,120
M Manhas,2011,114
Y Nagar,2011,111
RN ten Doeschate,2011,107
JEC Franklin,2011,107
CL White,2011,104
Harbhajan Singh,2011,103
DJ Jacobs,2011,92
R McLaren,2011,90
S Anirudha,2011,83
TR Birt,2011,75
MS Bisla,2011,72
M Klinger,2011,72
WP Saha,2011,68
A Mishra,2011,68
MD Mishra,2011,67
TL Suman,2011,65
DJ Hussey,2011,64
AM Nayar,2011,60
AS Raut,2011,60
LA Pomersbach,2011,51
SC Ganguly,2011,50
MR Marsh,2011,50
R Vinay Kumar,2011,50
CJ Ferguson,2011,48
PP Chawla,2011,48
AG Paunikar,2011,48
Mandeep Singh,2011,47
AJ Finch,2011,47
RV Gomez,2011,46
Sunny Singh,2011,43
GC Smith,2011,42
M Kaif,2011,41
VVS Laxman,2011,38
WD Parnell,2011,37
STR Binny,2011,37
M Morkel,2011,36
DW Steyn,2011,36
CA Pujara,2011,34
AUK Pathan,2011,33
RJ Harris,2011,30
SP Goswami,2011,29
Shakib Al Hasan,2011,29
IR Jaggi,2011,28
A Mithun,2011,27
P Kumar,2011,27
NL McCullum,2011,26
OA Shah,2011,26
R Bhatia,2011,25
R Sathish,2011,25
R Sharma,2011,24
DL Vettori,2011,23
Bipul Sharma,2011,23
NLTC Perera,2011,23
MS Wade,2011,22
Z Khan,2011,21
CA Ingram,2011,21
FY Fazal,2011,19
Y Gnaneswara Rao,2011,19
JJ van der Wath,2011,18
KM Jadhav,2011,18
AN Ahmed,2011,18
BJ Haddin,2011,18
S Rana,2011,16
Iqbal Abdulla,2011,15
J Syed Mohammad,2011,15
DH Yagnik,2011,15
Harpreet Singh,2011,14
RE van der Merwe,2011,14
LR Shukla,2011,14
S Aravind,2011,13
B Akhil,2011,13
M Kartik,2011,11
DJ Bravo,2011,11
RR Powar,2011,11
AA Jhunjhunwala,2011,10
TD Paine,2011,10
SW Tait,2011,10
SK Warne,2011,10
SD Chitnis,2011,9
SA Asnodkar,2011,9
CK Langeveldt,2011,8
AB McDonald,2011,8
SL Malinga,2011,8
KB Arun Karthik,2011,7
I Malhotra,2011,7
MV Boucher,2011,6
AB Agarkar,2011,6
B Lee,2011,5
SB Styris,2011,5
M Muralitharan,2011,5
PR Shah,2011,5
L Balaji,2011,4
SJ Srivastava,2011,4
S Sriram,2011,4
I Sharma,2011,4
JE Taylor,2011,3
R Ninan,2011,3
SB Wagh,2011,2
S Randiv,2011,2
R Ashwin,2011,2
RP Singh,2011,2
UBT Chand,2011,2
AG Murtaza,2011,2
DS Kulkarni,2011,2
B Kumar,2011,1
AC Thomas,2011,1
NJ Rimmington,2011,1
A Singh,2011,1
S Sreesanth,2011,1
UT Yadav,2011,1
AA Chavan,2011,1
P Parameswaran,2011,1
Joginder Sharma,2011,0
DE Bollinger,2011,0
BA Bhatt,2011,0
L Ablish,2011,0
SK Trivedi,2011,0
AB Dinda,2011,0
JDP Oram,2011,0
VR Aaron,2011,0
ND Doshi,2011,0
S Nadeem,2011,0
MM Patel,2011,0
MJ Lumb,2011,0
MS Gony,2011,0
CH Gayle,2012,720
G Gambhir,2012,590
S Dhawan,2012,568
AM Rahane,2012,560
V Sehwag,2012,495
CL White,2012,475
R Dravid,2012,462
SK Raina,2012,440
RG Sharma,2012,432
Mandeep Singh,2012,431
JH Kallis,2012,408
RV Uthappa,2012,404
F du Plessis,2012,397
DJ Hussey,2012,396
DJ Bravo,2012,367
V Kohli,2012,358
MS Dhoni,2012,354
SPD Smith,2012,350
OA Shah,2012,339
M Vijay,2012,336
SE Marsh,2012,336
DPMD Jayawardene,2012,335
AT Rayudu,2012,333
SR Tendulkar,2012,324
AB de Villiers,2012,318
KP Pietersen,2012,305
BB McCullum,2012,289
TM Dilshan,2012,283
SC Ganguly,2012,268
MEK Hussey,2012,261
MK Tiwary,2012,260
SR Watson,2012,255
JD Ryder,2012,252
DA Warner,2012,252
NV Ojha,2012,251
BJ Hodge,2012,245
JP Duminy,2012,244
KD Karthik,2012,238
MA Agarwal,2012,225
KA Pollard,2012,220
JEC Franklin,2012,214
AL Menaria,2012,214
MS Bisla,2012,213
LRPL Taylor,2012,197
S Badrinath,2012,196
KC Sangakkara,2012,194
PA Patel,2012,193
YK Pathan,2012,191
RA Jadeja,2012,191
Azhar Mahmood,2012,186
SS Tiwary,2012,183
IK Pathan,2012,176
AC Gilchrist,2012,168
DR Smith,2012,156
Y Nagar,2012,153
DT Christian,2012,145
N Saini,2012,140
MK Pandey,2012,138
Y Venugopal Rao,2012,132
AD Mathews,2012,127
DB Das,2012,126
MN Samuels,2012,124
M Manhas,2012,120
DJ Harris,2012,111
Harbhajan Singh,2012,108
JA Morkel,2012,107
PP Chawla,2012,106
MJ Clarke,2012,98
DA Miller,2012,98
STR Binny,2012,90
Shakib Al Hasan,2012,89
AP Majumdar,2012,87
Gurkeerat Singh,2012,86
RE Levi,2012,83
HH Gibbs,2012,81
LR Shukla,2012,75
PA Reddy,2012,73
Bipul Sharma,2012,72
SP Goswami,2012,69
R Vinay Kumar,2012,68
SD Chitnis,2012,66
J Botha,2012,58
SL Malinga,2012,55
AJ Finch,2012,55
CJ Ferguson,2012,50
AB McDonald,2012,47
AD Russell,2012,47
AM Nayar,2012,45
B Lee,2012,42
B Kumar,2012,40
B Chipli,2012,37
KK Cooper,2012,37
UBT Chand,2012,36
P Negi,2012,36
A Ashish Reddy,2012,35
R Bhatia,2012,35
P Kumar,2012,35
RJ Peterson,2012,32
DL Vettori,2012,31
PC Valthaty,2012,30
M Kartik,2012,26
DH Yagnik,2012,25
AA Jhunjhunwala,2012,24
RN ten Doeschate,2012,21
DW Steyn,2012,19
AC Thomas,2012,19
WD Parnell,2012,19
S Anirudha,2012,19
Ankit Sharma,2012,18
R Ashwin,2012,18
RJ Harris,2012,18
CA Pujara,2012,17
A Mishra,2012,16
TL Suman,2012,15
IR Jaggi,2012,15
HV Patel,2012,15
Harmeet Singh,2012,15
P Dogra,2012,15
GB Hogg,2012,15
M Kaif,2012,14
S Aravind,2012,14
JP Faulkner,2012,14
AD Mascarenhas,2012,14
Z Khan,2012,12
DAJ Bracewell,2012,12
A Nehra,2012,11
K Upadhyay,2012,11
AA Chavan,2012,11
DS Kulkarni,2012,10
SP Narine,2012,9
CJ McKay,2012,8
J Theron,2012,7
SB Jakati,2012,7
RP Singh,2012,6
CA Lynn,2012,6
Harpreet Singh,2012,6
AUK Pathan,2012,6
WP Saha,2012,6
M Muralitharan,2012,6
BA Bhatt,2012,6
GJ Maxwell,2012,6
KMDN Kulasekara,2012,5
SK Trivedi,2012,5
MS Gony,2012,4
PP Ojha,2012,4
DB Ravi Teja,2012,4
MD Mishra,2012,4
J Syed Mohammad,2012,4
P Awana,2012,4
NLTC Perera,2012,3
AG Murtaza,2012,3
DE Bollinger,2012,3
M Morkel,2012,3
MM Patel,2012,2
Iqbal Abdulla,2012,2
AB Dinda,2012,2
R Sharma,2012,2
BB Samantray,2012,2
UT Yadav,2012,2
VR Aaron,2012,1
SA Yadav,2012,0
DJ Jacobs,2012,0
AC Blizzard,2012,0
RR Bhatkal,2012,0
V Pratap Singh,2012,0
P Parameswaran,2012,0
A Singh,2012,0
A Chandila,2012,0
Sunny Gupta,2012,0
S Nadeem,2012,0
MEK Hussey,2013,732
CH Gayle,2013,701
V Kohli,2013,636
SK Raina,2013,546
SR Watson,2013,542
RG Sharma,2013,532
KD Karthik,2013,505
AM Rahane,2013,488
R Dravid,2013,471
MS Dhoni,2013,458
AJ Finch,2013,455
RV Uthappa,2013,430
DR Smith,2013,418
DA Miller,2013,417
KA Pollard,2013,414
DA Warner,2013,410
G Gambhir,2013,406
AB de Villiers,2013,373
DPMD Jayawardene,2013,331
YK Pathan,2013,331
M Vijay,2013,312
JH Kallis,2013,311
S Dhawan,2013,311
EJG Morgan,2013,307
SE Marsh,2013,300
V Sehwag,2013,294
PA Patel,2013,294
AC Gilchrist,2013,294
STR Binny,2013,293
BJ Hodge,2013,292
SR Tendulkar,2013,283
AT Rayudu,2013,264
Mandeep Singh,2013,260
MS Bisla,2013,255
GH Vihari,2013,239
Yuvraj Singh,2013,238
DJ Hussey,2013,235
NLTC Perera,2013,233
CL White,2013,226
SV Samson,2013,206
RA Jadeja,2013,200
Azhar Mahmood,2013,196
BJ Rohrer,2013,193
DJG Sammy,2013,174
AD Mathews,2013,172
MC Henriques,2013,165
M Vohra,2013,161
SPD Smith,2013,159
UBT Chand,2013,158
IK Pathan,2013,153
KM Jadhav,2013,148
MK Tiwary,2013,146
MR Marsh,2013,140
MK Pandey,2013,136
MC Juneja,2013,125
A Ashish Reddy,2013,125
DH Yagnik,2013,124
S Badrinath,2013,124
AP Tare,2013,123
BB Samantray,2013,123
DJ Bravo,2013,121
KC Sangakkara,2013,120
Harbhajan Singh,2013,116
SS Tiwary,2013,109
Gurkeerat Singh,2013,108
R Sathish,2013,108
LJ Wright,2013,102
R Bhatia,2013,99
CA Pujara,2013,92
PA Reddy,2013,91
A Mishra,2013,89
RN ten Doeschate,2013,85
KV Sharma,2013,85
DB Das,2013,75
TM Dilshan,2013,75
R Vinay Kumar,2013,70
WP Saha,2013,70
MA Agarwal,2013,67
AM Nayar,2013,66
PP Chawla,2013,64
LRPL Taylor,2013,63
LA Pomersbach,2013,58
JP Faulkner,2013,57
M Morkel,2013,57
DW Steyn,2013,53
RT Ponting,2013,52
B Kumar,2013,52
TL Suman,2013,52
JA Morkel,2013,46
P Kumar,2013,45
MS Gony,2013,45
CM Gautam,2013,44
J Botha,2013,43
KB Arun Karthik,2013,41
KK Cooper,2013,39
MG Johnson,2013,39
UT Yadav,2013,38
R Rampaul,2013,37
GJ Maxwell,2013,36
R Ashwin,2013,35
KW Richardson,2013,34
OA Shah,2013,25
BMAJ Mendis,2013,23
S Narwal,2013,23
RE van der Merwe,2013,22
SP Narine,2013,21
R Dhawan,2013,21
B Lee,2013,21
KL Rahul,2013,20
A Mukund,2013,19
B Chipli,2013,16
MDKJ Perera,2013,14
S Nadeem,2013,14
CH Morris,2013,14
DB Ravi Teja,2013,14
M Manhas,2013,13
AB Agarkar,2013,12
AD Russell,2013,11
R Sharma,2013,11
SMSM Senanayake,2013,10
J Syed Mohammad,2013,10
X Thalaivan Sargunam,2013,10
NV Ojha,2013,9
SL Malinga,2013,9
L Balaji,2013,9
NM CoulterNile,2013,9
AB Dinda,2013,9
KK Nair,2013,9
Iqbal Abdulla,2013,8
MN Samuels,2013,8
S Kaul,2013,7
UA Birla,2013,7
BB McCullum,2013,6
DT Christian,2013,6
Q de Kock,2013,6
PC Valthaty,2013,6
Mohammed Shami,2013,5
WD Parnell,2013,5
Parvez Rasool,2013,5
M Rawat,2013,5
P Dogra,2013,5
AG Murtaza,2013,5
AD Mascarenhas,2013,5
PJ Sangwan,2013,4
RV Gomez,2013,4
B Laughlin,2013,4
A Chandila,2013,4
PV Tambe,2013,3
Sachin Baby,2013,3
SK Trivedi,2013,3
R McLaren,2013,3
LR Shukla,2013,3
Harmeet Singh,2013,3
PP Ojha,2013,2
JD Unadkat,2013,2
A Mithun,2013,2
BAW Mendis,2013,2
M Kartik,2013,2
AS Rajpoot,2013,2
RJ Harris,2013,2
AL Menaria,2013,1
R Shukla,2013,1
A Nehra,2013,1
K Upadhyay,2013,1
S Sreesanth,2013,1
P Awana,2013,1
SW Tait,2013,1
IC Pandey,2013,0
AB McDonald,2013,0
MM Sharma,2013,0
S Anirudha,2013,0
Sandeep Sharma,2013,0
RV Uthappa,2014,659
DR Smith,2014,565
GJ Maxwell,2014,552
DA Warner,2014,528
SK Raina,2014,519
V Sehwag,2014,455
DA Miller,2014,446
MK Pandey,2014,409
JP Duminy,2014,408
BB McCullum,2014,405
LMP Simmons,2014,394
RG Sharma,2014,390
AB de Villiers,2014,389
S Dhawan,2014,373
MS Dhoni,2014,371
Yuvraj Singh,2014,370
WP Saha,2014,362
AT Rayudu,2014,360
V Kohli,2014,359
AM Rahane,2014,339
SV Samson,2014,339
KK Nair,2014,330
KD Karthik,2014,325
M Vohra,2014,324
G Gambhir,2014,324
AJ Finch,2014,308
F du Plessis,2014,303
KP Pietersen,2014,294
KA Pollard,2014,272
YK Pathan,2014,268
CJ Anderson,2014,265
GJ Bailey,2014,254
SR Watson,2014,245
Shakib Al Hasan,2014,228
NV Ojha,2014,226
MEK Hussey,2014,209
M Vijay,2014,207
PA Patel,2014,205
CH Gayle,2014,196
JP Faulkner,2014,180
KL Rahul,2014,166
SA Yadav,2014,160
Q de Kock,2014,153
MK Tiwary,2014,152
JH Kallis,2014,151
RA Jadeja,2014,146
SPD Smith,2014,146
KM Jadhav,2014,146
AP Tare,2014,126
CA Pujara,2014,125
STR Binny,2014,123
CM Gautam,2014,121
DJ Hussey,2014,116
MA Agarwal,2014,115
DJG Sammy,2014,108
YV Takawale,2014,104
BJ Hodge,2014,101
MA Starc,2014,85
R Dhawan,2014,82
S Rana,2014,71
Y Venugopal Rao,2014,71
SE Marsh,2014,70
R Bhatia,2014,67
AR Patel,2014,62
LRPL Taylor,2014,59
CA Lynn,2014,58
MG Johnson,2014,56
IK Pathan,2014,55
RN ten Doeschate,2014,52
JA Morkel,2014,45
R Ashwin,2014,45
KV Sharma,2014,42
JDS Neesham,2014,42
BR Dunk,2014,40
RR Rossouw,2014,39
AM Nayar,2014,39
KK Cooper,2014,39
M Manhas,2014,35
DS Kulkarni,2014,35
VR Aaron,2014,34
Ankit Sharma,2014,34
LR Shukla,2014,31
PP Chawla,2014,31
VH Zol,2014,29
Harbhajan Singh,2014,28
Mandeep Singh,2014,24
DW Steyn,2014,22
R Shukla,2014,18
JO Holder,2014,16
NJ Maddinson,2014,16
R Tewatia,2014,16
HV Patel,2014,13
R Rampaul,2014,13
S Gopal,2014,11
SP Narine,2014,10
MC Henriques,2014,9
Z Khan,2014,8
DJ Bravo,2014,8
BCJ Cutting,2014,8
Imran Tahir,2014,8
S Nadeem,2014,7
Shivam Sharma,2014,5
PV Tambe,2014,5
A Mishra,2014,4
AB Dinda,2014,4
AN Ahmed,2014,4
PP Ojha,2014,4
TG Southee,2014,4
DH Yagnik,2014,4
M Morkel,2014,4
R Vinay Kumar,2014,4
S Anirudha,2014,3
Mohammed Shami,2014,3
MS Bisla,2014,3
Sandeep Sharma,2014,2
UBT Chand,2014,2
S Kaul,2014,2
SL Malinga,2014,2
WD Parnell,2014,2
UT Yadav,2014,2
AD Russell,2014,2
B Kumar,2014,1
YS Chahal,2014,1
MM Sharma,2014,1
L Balaji,2014,1
Karanveer Singh,2014,1
M de Lange,2014,1
P Kumar,2014,1
JJ Bumrah,2014,1
VS Malik,2014,1
KW Richardson,2014,1
JD Unadkat,2014,1
BE Hendricks,2014,0
DA Warner,2015,554
AM Rahane,2015,540
LMP Simmons,2015,540
AB de Villiers,2015,511
V Kohli,2015,505
CH Gayle,2015,490
RG Sharma,2015,482
SS Iyer,2015,439
BB McCullum,2015,431
KA Pollard,2015,415
JP Duminy,2015,414
DR Smith,2015,399
F du Plessis,2015,380
SK Raina,2015,374
MS Dhoni,2015,372
RV Uthappa,2015,364
DA Miller,2015,357
S Dhawan,2015,347
SR Watson,2015,343
PA Patel,2015,339
G Gambhir,2015,327
AD Russell,2015,326
YK Pathan,2015,310
SPD Smith,2015,292
MC Henriques,2015,283
AT Rayudu,2015,281
GJ Bailey,2015,259
M Vijay,2015,251
WP Saha,2015,249
Yuvraj Singh,2015,247
MK Pandey,2015,225
MA Agarwal,2015,213
AR Patel,2015,206
SV Samson,2015,204
DJ Bravo,2015,195
KM Jadhav,2015,189
EJG Morgan,2015,187
KK Nair,2015,181
SA Yadav,2015,157
Mandeep Singh,2015,157
DJ Hooda,2015,151
GJ Maxwell,2015,146
RS Bopara,2015,145
JP Faulkner,2015,143
AD Mathews,2015,143
KD Karthik,2015,141
KL Rahul,2015,141
NV Ojha,2015,137
RA Jadeja,2015,132
Q de Kock,2015,122
D Wiese,2015,121
Harbhajan Singh,2015,116
P Negi,2015,115
CJ Anderson,2015,114
HH Pandya,2015,110
SN Khan,2015,110
SS Tiwary,2015,109
KV Sharma,2015,104
UBT Chand,2015,102
V Sehwag,2015,99
SE Marsh,2015,89
JA Morkel,2015,86
M Vohra,2015,82
MEK Hussey,2015,77
STR Binny,2015,73
A Ashish Reddy,2015,73
CH Morris,2015,70
RN ten Doeschate,2015,61
MK Tiwary,2015,57
PP Chawla,2015,54
R Ashwin,2015,52
J Suchith,2015,48
GH Vihari,2015,38
MS Bisla,2015,37
Shakib Al Hasan,2015,36
R Dhawan,2015,36
Gurkeerat Singh,2015,35
J Botha,2015,31
KS Williamson,2015,31
MG Johnson,2015,31
UT Yadav,2015,29
MM Sharma,2015,28
AJ Finch,2015,23
NM CoulterNile,2015,20
Iqbal Abdulla,2015,20
DW Steyn,2015,20
HV Patel,2015,19
Anureet Singh,2015,18
P Kumar,2015,17
B Kumar,2015,17
SA Abbott,2015,15
AP Tare,2015,14
RR Rossouw,2015,14
TG Southee,2015,13
MJ McClenaghan,2015,13
DJG Sammy,2015,13
NLTC Perera,2015,12
MA Starc,2015,11
Karanveer Singh,2015,11
AN Ahmed,2015,10
Sandeep Sharma,2015,9
A Mishra,2015,8
GB Hogg,2015,7
SN Thakur,2015,7
Ankit Sharma,2015,7
Azhar Mahmood,2015,6
SL Malinga,2015,6
VR Aaron,2015,6
Imran Tahir,2015,5
CM Gautam,2015,4
M Morkel,2015,4
NJ Maddinson,2015,4
DS Kulkarni,2015,4
PV Tambe,2015,3
S Nadeem,2015,2
Parvez Rasool,2015,2
RG More,2015,2
J Theron,2015,1
DJ Muthuswami,2015,1
S Gopal,2015,1
Bipul Sharma,2015,1
A Nehra,2015,1
YS Chahal,2015,1
BE Hendricks,2015,1
SP Narine,2015,0
PJ Cummins,2015,0
S Aravind,2015,0
R Vinay Kumar,2015,0
R Bhatia,2015,0
V Kohli,2016,962
DA Warner,2016,844
AB de Villiers,2016,682
G Gambhir,2016,501
S Dhawan,2016,497
RG Sharma,2016,487
AM Rahane,2016,479
M Vijay,2016,453
Q de Kock,2016,444
SK Raina,2016,399
KL Rahul,2016,397
RV Uthappa,2016,394
AJ Finch,2016,392
YK Pathan,2016,361
BB McCullum,2016,354
KK Nair,2016,352
KD Karthik,2016,335
AT Rayudu,2016,334
DR Smith,2016,320
SV Samson,2016,291
MS Dhoni,2016,284
WP Saha,2016,270
SPD Smith,2016,270
JC Buttler,2016,254
MK Pandey,2016,248
KH Pandya,2016,237
Yuvraj Singh,2016,236
CH Gayle,2016,227
KA Pollard,2016,208
F du Plessis,2016,206
RR Pant,2016,198
CH Morris,2016,195
JP Duminy,2016,191
RA Jadeja,2016,189
AD Russell,2016,188
MC Henriques,2016,182
SA Yadav,2016,180
SR Watson,2016,179
GJ Maxwell,2016,179
PA Patel,2016,177
SS Tiwary,2016,169
M Vohra,2016,161
SE Marsh,2016,159
DA Miller,2016,157
HM Amla,2016,157
NLTC Perera,2016,149
MP Stoinis,2016,146
DJ Hooda,2016,138
NV Ojha,2016,136
UT Khawaja,2016,127
KS Williamson,2016,124
EJG Morgan,2016,123
Sachin Baby,2016,118
Shakib Al Hasan,2016,114
Gurkeerat Singh,2016,113
AR Patel,2016,111
N Rana,2016,100
DJ Bravo,2016,99
Harbhajan Singh,2016,92
SW Billings,2016,88
GJ Bailey,2016,84
CR Brathwaite,2016,83
JP Faulkner,2016,77
KP Pietersen,2016,73
SN Khan,2016,66
BCJ Cutting,2016,65
STR Binny,2016,63
P Negi,2016,57
MJ Guptill,2016,57
TM Head,2016,53
Bipul Sharma,2016,51
A Ashish Reddy,2016,47
HH Pandya,2016,44
B Kumar,2016,43
Ishan Kishan,2016,42
R Ashwin,2016,41
KM Jadhav,2016,38
KV Sharma,2016,36
Iqbal Abdulla,2016,36
R Bhatia,2016,34
MJ McClenaghan,2016,34
MM Sharma,2016,32
SS Iyer,2016,30
TG Southee,2016,30
C Munro,2016,30
DS Kulkarni,2016,27
MA Agarwal,2016,27
PP Chawla,2016,27
CA Lynn,2016,25
P Kumar,2016,24
ER Dwivedi,2016,24
R Sathish,2016,24
NS Naik,2016,23
JO Holder,2016,22
AD Nath,2016,20
P Sahu,2016,19
JA Morkel,2016,16
F Behardien,2016,14
R Dhawan,2016,14
KJ Abbott,2016,13
KC Cariappa,2016,13
R Vinay Kumar,2016,13
IK Pathan,2016,11
Parvez Rasool,2016,10
NM CoulterNile,2016,9
UT Yadav,2016,9
Sandeep Sharma,2016,8
JJ Bumrah,2016,8
LMP Simmons,2016,8
AP Tare,2016,8
MR Marsh,2016,7
PV Tambe,2016,7
SP Narine,2016,7
J Yadav,2016,6
Z Khan,2016,6
PSP Handscomb,2016,6
MG Johnson,2016,5
Imran Tahir,2016,5
D Wiese,2016,5
A Mishra,2016,4
BB Sran,2016,3
CJ Jordan,2016,3
Ankit Sharma,2016,3
Mohammed Shami,2016,2
S Gopal,2016,2
SB Jakati,2016,1
DW Steyn,2016,1
S Nadeem,2016,1
A Nehra,2016,1
M Morkel,2016,1
KW Richardson,2016,1
S Kaushik,2016,0
Swapnil Singh,2016,0
UBT Chand,2016,0
A Zampa,2016,0
M Ashwin,2016,0
DA Warner,2017,634
G Gambhir,2017,498
S Dhawan,2017,478
SPD Smith,2017,472
SK Raina,2017,438
HM Amla,2017,418
KA Pollard,2017,395
PA Patel,2017,395
MK Pandey,2017,391
RA Tripathi,2017,391
RV Uthappa,2017,388
SV Samson,2017,386
AM Rahane,2017,382
RR Pant,2017,365
KD Karthik,2017,357
SS Iyer,2017,337
RG Sharma,2017,333
N Rana,2017,333
BB McCullum,2017,320
MK Tiwary,2017,320
BA Stokes,2017,316
V Kohli,2017,308
GJ Maxwell,2017,306
AJ Finch,2017,300
CA Lynn,2017,293
MS Dhoni,2017,290
KK Nair,2017,281
Ishan Kishan,2017,277
MC Henriques,2017,277
JC Buttler,2017,273
KM Jadhav,2017,265
SE Marsh,2017,258
KS Williamson,2017,256
HH Pandya,2017,250
Yuvraj Singh,2017,248
KH Pandya,2017,243
DR Smith,2017,239
WP Saha,2017,230
M Vohra,2017,229
AR Patel,2017,227
SP Narine,2017,224
AB de Villiers,2017,216
CH Gayle,2017,200
Mandeep Singh,2017,188
RA Jadeja,2017,158
CH Morris,2017,154
TM Head,2017,151
P Negi,2017,144
YK Pathan,2017,143
CJ Anderson,2017,142
SW Billings,2017,138
LMP Simmons,2017,137
C de Grandhomme,2017,126
MJ Guptill,2017,126
SA Yadav,2017,105
V Shankar,2017,101
AT Rayudu,2017,91
NV Ojha,2017,79
DT Christian,2017,79
DJ Hooda,2017,78
STR Binny,2017,78
PJ Cummins,2017,77
DA Miller,2017,77
SR Watson,2017,71
EJG Morgan,2017,65
JJ Roy,2017,59
K Rabada,2017,55
JP Faulkner,2017,53
AJ Tye,2017,53
SS Tiwary,2017,52
BCJ Cutting,2017,51
MM Sharma,2017,51
KV Sharma,2017,49
A Mishra,2017,49
CR Woakes,2017,46
SP Jackson,2017,38
Mohammed Shami,2017,36
IR Jaggi,2017,33
AD Mathews,2017,32
S Aravind,2017,32
Bipul Sharma,2017,31
MN Samuels,2017,29
Basil Thampi,2017,28
MA Agarwal,2017,26
A Choudhary,2017,25
Ankit Sharma,2017,25
MG Johnson,2017,20
Kuldeep Yadav,2017,20
Vishnu Vinod,2017,19
R Tewatia,2017,19
AP Tare,2017,18
MP Stoinis,2017,17
MJ McClenaghan,2017,16
Harbhajan Singh,2017,16
JJ Bumrah,2017,16
R Bhatia,2017,16
Sachin Baby,2017,15
Anureet Singh,2017,15
NM CoulterNile,2017,14
DL Chahar,2017,14
YS Chahal,2017,13
S Badree,2017,13
CR Brathwaite,2017,12
Swapnil Singh,2017,12
AR Bawne,2017,12
Rashid Khan,2017,11
UT Yadav,2017,10
Washington Sundar,2017,9
TS Mills,2017,8
F du Plessis,2017,8
I Sharma,2017,8
P Kumar,2017,8
SL Malinga,2017,7
Ankit Soni,2017,7
TG Southee,2017,7
AF Milne,2017,7
AB Dinda,2017,7
DM Bravo,2017,6
Sandeep Sharma,2017,6
TA Boult,2017,5
Iqbal Abdulla,2017,5
A Zampa,2017,5
AS Rajpoot,2017,4
Z Khan,2017,4
B Kumar,2017,4
VR Aaron,2017,4
RD Chahar,2017,3
PP Chawla,2017,2
Mohammad Nabi,2017,2
S Nadeem,2017,2
JD Unadkat,2017,2
KC Cariappa,2017,2
PJ Sangwan,2017,2
IK Pathan,2017,2
Shakib Al Hasan,2017,1
LH Ferguson,2017,1
DS Kulkarni,2017,1
CJ Jordan,2017,0
S Kaul,2017,0
Imran Tahir,2017,0
SN Thakur,2017,0
AD Nath,2017,0
MM Patel,2017,0
