player_name,avg_runs_in_wins,innings_played
Rashid Khan,6.0,1
Shahid Afridi,3.3333333333333335,6
AN Ahmed,3.0,3
BA Bhatt,3.0,2
SN Khan,2.5789473684210527,19
SP Jackson,2.4,5
Harmeet Singh,2.3333333333333335,6
Umar Gul,2.3076923076923075,13
SM Pollock,2.2,15
MS Gony,2.1379310344827585,29
MJ McClenaghan,2.0,11
DS Kulkarni,2.0,3
PR Shah,2.0,4
Shivam Sharma,2.0,2
VRV Singh,2.0,2
RS Sodhi,2.0,2
CR Brathwaite,1.9642857142857142,28
CH Morris,1.9607843137254901,51
BCJ Cutting,1.934782608695652,46
PJ Cummins,1.88,25
R Tewatia,1.875,8
GJ Maxwell,1.8548387096774193,434
SP Narine,1.8522727272727273,88
CA Lynn,1.8376068376068375,117
LJ Wright,1.8181818181818181,22
KK Cooper,1.8148148148148149,27
AUK Pathan,1.7777777777777777,9
Bipul Sharma,1.775,40
TG Southee,1.75,4
AD Russell,1.7142857142857142,147
HH Pandya,1.695364238410596,151
A Flintoff,1.6923076923076923,13
V Sehwag,1.6907894736842106,1064
CJ Anderson,1.6896551724137931,145
RR Pant,1.6869158878504673,214
J Suchith,1.6666666666666667,6
JA Morkel,1.6650717703349283,209
P Negi,1.6585365853658536,41
ST Jayasuriya,1.6453900709219857,282
DJ Hooda,1.644736842105263,152
CH Gayle,1.6428571428571428,1442
JC Buttler,1.641350210970464,237
JP Faulkner,1.625,136
SB Jakati,1.625,8
MJ Lumb,1.621212121212121,132
Harbhajan Singh,1.6136363636363635,176
MF Maharoof,1.606060606060606,33
AB de Villiers,1.6052227342549923,1302
AC Blizzard,1.5932203389830508,59
S Vidyut,1.588235294117647,34
KA Pollard,1.5715800636267232,943
AC Voges,1.5692307692307692,65
A Mishra,1.5625,64
Sunny Singh,1.5625,16
DA Warner,1.562062380649268,1571
YK Pathan,1.5617173524150267,1118
AP Tare,1.5596330275229358,109
DA Miller,1.5568760611205432,589
KH Pandya,1.5567567567567568,185
AC Gilchrist,1.546195652173913,736
KM Jadhav,1.5459770114942528,174
AD Mathews,1.5333333333333334,135
OA Shah,1.5130434782608695,115
RN ten Doeschate,1.5056179775280898,89
SR Watson,1.5038022813688212,1052
Shoaib Malik,1.5,4
SJ Srivastava,1.5,2
UT Yadav,1.5,6
B Akhil,1.5,30
R Rampaul,1.5,8
SW Billings,1.4943820224719102,89
MS Dhoni,1.4942837928715536,1487
PP Chawla,1.4932432432432432,148
SP Fleming,1.4918032786885247,61
LA Pomersbach,1.4850746268656716,134
JR Hopes,1.4835164835164836,91
KP Pietersen,1.4829545454545454,352
AJ Finch,1.4744525547445255,548
BA Stokes,1.4609929078014185,141
RJ Harris,1.4583333333333333,24
AB McDonald,1.4583333333333333,48
M Vohra,1.4548286604361371,321
S Chanderpaul,1.4545454545454546,11
PD Collingwood,1.4545454545454546,99
TM Head,1.4545454545454546,33
PC Valthaty,1.4522821576763485,241
SPD Smith,1.45010183299389,491
DH Yagnik,1.45,40
AS Raut,1.45,40
Kamran Akmal,1.4492753623188406,69
Azhar Mahmood,1.4444444444444444,162
RA Tripathi,1.4423076923076923,208
DJ Bravo,1.4395886889460154,389
BJ Rohrer,1.4375,16
BJ Hodge,1.4373576309794989,439
A Ashish Reddy,1.435897435897436,78
HV Patel,1.4285714285714286,7
SA Yadav,1.4272300469483568,213
SK Raina,1.4242723236309818,2027
NLTC Perera,1.4128440366972477,109
AR Patel,1.412121212121212,165
EJG Morgan,1.4115226337448559,243
WP Saha,1.41010101010101,495
M Kartik,1.4090909090909092,22
DB Ravi Teja,1.408450704225352,71
DR Smith,1.4073059360730593,1095
S Anirudha,1.4022988505747127,87
R Bhatia,1.4,50
SS Iyer,1.4,330
RV Uthappa,1.3964886613021215,1367
MV Boucher,1.3936170212765957,94
V Shankar,1.3928571428571428,56
A Symonds,1.3905817174515236,361
KS Williamson,1.39,200
BB McCullum,1.3884034948371724,1259
SA Asnodkar,1.3872549019607843,204
J Syed Mohammad,1.3846153846153846,13
V Kohli,1.3827667057444315,1706
Yuvraj Singh,1.3751600512163893,781
GJ Bailey,1.3692307692307693,195
RG Sharma,1.3657482441923285,1851
KK Nair,1.3612774451097804,501
SE Marsh,1.3581780538302277,966
B Chipli,1.3571428571428572,70
J Botha,1.3535911602209945,181
KD Karthik,1.3493493493493494,999
ML Hayden,1.3457943925233644,535
JD Ryder,1.3443396226415094,212
LA Carseldine,1.3404255319148937,47
Mandeep Singh,1.3386773547094188,499
STR Binny,1.337837837837838,222
Pankaj Singh,1.3333333333333333,3
B Lee,1.3333333333333333,30
MM Patel,1.3333333333333333,3
R Sathish,1.3333333333333333,93
N Rana,1.3316582914572865,199
AT Rayudu,1.3313407344150299,1171
KL Rahul,1.325358851674641,209
MEK Hussey,1.322502030869212,1231
Sohail Tanvir,1.3181818181818181,22
RA Jadeja,1.312829525483304,569
SM Katich,1.309090909090909,110
LMP Simmons,1.3045602605863191,614
MC Henriques,1.3011494252873563,435
JP Duminy,1.2984293193717278,573
DPMD Jayawardene,1.2982195845697329,674
HM Amla,1.2966101694915255,118
Gurkeerat Singh,1.2954545454545454,44
TL Suman,1.295031055900621,322
M Vijay,1.2937956204379562,1096
MA Agarwal,1.29296875,256
Shakib Al Hasan,1.2908163265306123,196
AA Jhunjhunwala,1.2884615384615385,52
P Kumar,1.2884615384615385,52
RP Singh,1.2857142857142858,7
D Wiese,1.2857142857142858,7
R Bishnoi,1.2857142857142858,14
NV Ojha,1.2776801405975395,569
R Sharma,1.263157894736842,19
R Vinay Kumar,1.263157894736842,38
G Gambhir,1.2598743267504489,2228
Q de Kock,1.2554112554112553,231
MK Pandey,1.250251256281407,995
SK Trivedi,1.25,8
RV Gomez,1.25,12
DJ Jacobs,1.25,52
C Munro,1.25,8
S Dhawan,1.2491803278688525,1525
KC Sangakkara,1.2490322580645161,775
AM Rahane,1.246719160104987,1524
MD Mishra,1.2439024390243902,123
F du Plessis,1.2434108527131782,645
DW Steyn,1.2380952380952381,21
LRPL Taylor,1.2375366568914956,341
SR Tendulkar,1.2358258011503698,1217
SC Ganguly,1.2327272727272727,550
SV Samson,1.232258064516129,620
MK Tiwary,1.2296296296296296,675
MP Stoinis,1.2285714285714286,70
SS Tiwary,1.2280071813285458,557
S Badrinath,1.2274011299435028,708
RE Levi,1.2238805970149254,67
DJ Hussey,1.2234513274336283,452
RE van der Merwe,1.2131147540983607,61
TM Dilshan,1.212962962962963,648
CL White,1.2116788321167884,274
IK Pathan,1.2043343653250773,323
WPUJC Vaas,1.2,35
A Mithun,1.2,5
DM Bravo,1.2,5
TR Birt,1.2,20
RJ Quiney,1.196078431372549,51
T Taibu,1.1923076923076923,26
AM Nayar,1.1911764705882353,136
GC Smith,1.189753320683112,527
AL Menaria,1.1805555555555556,144
PA Patel,1.1779816513761467,1090
MG Johnson,1.1688311688311688,77
MDKJ Perera,1.1666666666666667,12
MJ Guptill,1.1647058823529413,85
HH Gibbs,1.1615384615384616,390
FY Fazal,1.1610169491525424,118
LR Shukla,1.1568627450980393,102
Iqbal Abdulla,1.1515151515151516,33
S Sohal,1.150259067357513,193
DJG Sammy,1.1466666666666667,75
UT Khawaja,1.144927536231884,69
NJ Maddinson,1.1428571428571428,14
Y Venugopal Rao,1.1418439716312057,141
MS Bisla,1.1415094339622642,318
M Kaif,1.1412429378531073,177
Y Nagar,1.1379310344827587,87
R Dravid,1.1356993736951984,958
Salman Butt,1.1343283582089552,67
Mohammad Hafeez,1.125,16
Sachin Baby,1.125,40
SK Warne,1.123076923076923,65
R Dhawan,1.1228070175438596,57
W Jaffer,1.12,50
JH Kallis,1.115036976170912,1217
VVS Laxman,1.1142857142857143,70
BR Dunk,1.1111111111111112,18
N Saini,1.108433734939759,83
RS Bopara,1.104,125
S Gopal,1.1,10
M Manhas,1.0986842105263157,152
NK Patel,1.0952380952380953,42
AB Barath,1.09375,32
AD Nath,1.0909090909090908,11
BB Samantray,1.09,100
CM Gautam,1.0847457627118644,59
UBT Chand,1.0802919708029197,137
SB Styris,1.0784313725490196,51
RJ Peterson,1.0714285714285714,28
DS Lehmann,1.0625,16
KV Sharma,1.056338028169014,71
DB Das,1.0555555555555556,36
JEC Franklin,1.0542168674698795,166
MisbahulHaq,1.0512820512820513,39
M Klinger,1.0454545454545454,44
MN Samuels,1.036144578313253,83
Ishan Kishan,1.0333333333333334,60
S Rana,1.0,16
D Salunkhe,1.0,1
IR Jaggi,1.0,15
GB Hogg,1.0,5
RR Raje,1.0,7
T Kohli,1.0,3
RR Sarwan,1.0,53
S Narwal,1.0,2
SW Tait,1.0,1
M Morkel,1.0,7
AP Dole,1.0,4
Swapnil Singh,1.0,2
JO Holder,1.0,3
BB Sran,1.0,1
B Sumanth,1.0,19
Jaskaran Singh,1.0,3
DL Vettori,0.9767441860465116,43
AD Mascarenhas,0.972972972972973,37
R Ashwin,0.9625,80
PA Reddy,0.9618320610687023,131
KB Arun Karthik,0.9615384615384616,26
AG Paunikar,0.96,25
R McLaren,0.9571428571428572,70
CA Pujara,0.956140350877193,228
AB Agarkar,0.9545454545454546,22
SP Goswami,0.95,120
C de Grandhomme,0.9411764705882353,34
MM Sharma,0.9375,16
GR Napier,0.9375,16
S Sriram,0.9310344827586207,29
DT Christian,0.9108910891089109,101
GH Vihari,0.9090909090909091,220
K Goel,0.9032258064516129,62
SD Chitnis,0.8947368421052632,38
CK Kapugedera,0.8888888888888888,9
RR Powar,0.8823529411764706,17
CJ Ferguson,0.8780487804878049,41
Mohammed Shami,0.8571428571428571,7
SS Shaikh,0.8571428571428571,7
Vishnu Vinod,0.8571428571428571,14
A Chopra,0.8541666666666666,48
JDP Oram,0.8541666666666666,48
CR Woakes,0.8148148148148148,27
DJ Thornely,0.8125,48
YV Takawale,0.8070175438596491,57
MR Marsh,0.8,40
FH Edwards,0.8,5
M Muralitharan,0.8,5
Z Khan,0.8,5
SL Malinga,0.7894736842105263,19
TM Srivastava,0.7777777777777778,9
C Madan,0.7777777777777778,18
A Kumble,0.75,4
MS Wade,0.75,4
RT Ponting,0.7407407407407407,54
M Rawat,0.7272727272727273,11
JDS Neesham,0.7272727272727273,11
P Dogra,0.7142857142857143,21
AA Bilakhia,0.6829268292682927,41
WA Mota,0.6774193548387096,31
PP Ojha,0.6666666666666666,6
NM CoulterNile,0.6666666666666666,3
Mohammad Nabi,0.6666666666666666,3
WD Parnell,0.631578947368421,19
MA Starc,0.625,8
L Balaji,0.6153846153846154,13
RR Rossouw,0.6086956521739131,23
Kuldeep Yadav,0.5714285714285714,7
R Shukla,0.5,2
Sandeep Sharma,0.5,6
B Kumar,0.5,10
JM Kemp,0.5,8
M de Lange,0.5,2
Washington Sundar,0.5,8
SM Harwood,0.42857142857142855,7
JD Unadkat,0.4,5
KC Cariappa,0.3333333333333333,3
S Sreesanth,0.3333333333333333,3
Yashpal Singh,0.3157894736842105,19
SA Abbott,0.25,4
T Thushara,0.2,5
J Theron,0.0,1
I Sharma,0.0,1
KP Appanna,0.0,1
JJ Bumrah,0.0,2
A Nehra,0.0,2
TS Mills,0.0,3
VR Aaron,0.0,5
SN Thakur,0.0,2
Anirudh Singh,0.0,1
